Category,Representative Studies,Detection Rate (%),False Positive Rate (%),Latency,Scalability
Microservice-focused Threat Detection,"[4, 10, 15]",96.5–97.8%,1.8–3.2%,Low,High
Infrastructure-as-Code and Policy-as-Code Security,"[16, 20, 30]",N/A (configuration validation),Moderate,Moderate,Medium
Privacy- and Compliance-Oriented Frameworks,"[5, 6, 27]",N/A,N/A,High,Low–Medium
IoT-Specific Attack Detection,"[8, 24, 25]",95–98%,2–3%,High,Low–Medium
Multi-cloud and Cloud-Native DevSecOps Solutions,"[2, 12, 23]",92–96%,3–5.5%,Moderate–High,Medium–High
