BuckTales,Model,#Params(M),Precision,Recall,mAP$_{50}$,mAP$_{50-95}$
Patched/1280,YOLOv5-N,2.504,58.6,63.0,65.9,35.0
Patched/1280,YOLOv6-N,4.234,54.9,61.6,61.6,34.6
Patched/1280,YOLOv8-N,3.006,57.5,54.5,59.7,34.7
Patched/1280,YOLOv9-T,1.972,57.3,66.0,65.1,40.1
Patched/1280,YOLOv10-N,2.697,63.7,57.6,62.2,33.5
Patched/1280,DEAL-YOLO (Ours),0.994,57.5,61.0,62.2,38.3
Unpatched/2560,YOLOv5-N,2.504,9.00,4.58,1.45,1.15
Unpatched/2560,YOLOv6-N,4.234,7.87,8.93,3.68,1.15
Unpatched/2560,YOLOv8-N,3.006,10.30,3.46,5.73,1.59
Unpatched/2560,YOLOv9-T,1.972,9.39,11.10,5.21,1.69
Unpatched/2560,YOLOv10-N,2.697,5.41,14.20,3.36,1.16
Unpatched/2560,DEAL-YOLO (Ours),0.994,32.50,7.34,7.82,2.72
Unpatched/3840,YOLOv5-N,2.504,28.7,28.7,28.4,11.4
Unpatched/3840,YOLOv6-N,4.234,47.8,29.0,28.9,11.6
Unpatched/3840,YOLOv8-N,3.006,51.6,27.6,30.7,13.8
Unpatched/3840,YOLOv9-T,1.972,48.0,35.3,36.8,15.4
Unpatched/3840,YOLOv10-N,2.697,40.0,39.1,38.5,19.0
Unpatched/3840,DEAL-YOLO (Ours),0.994,39.1,38.5,38.5,19.0
