Feature,AVP [7],Quest 3 [12],Varjo XR-4 [13],Microsoft Hololens 2,Xreal Air 2 [14],Lenovo Think-Reality A3 [15]
Form Factor,Standalone headset,Standalone headset,Tethered headset,Standalone headset,Smart glasses,Tethered smart glasses
Display Technology,Micro-OLED,LCD,Mini-LED and Micro-OLED,Waveguide,Micro-OLED,Waveguide
Resolution,23M pixels per eye,2048×2208 per eye,3840×3744 per eye,2048×2080 per eye,1920×1080 per eye,1920×1080 per eye
Field of View,∼100° diagonal,110° diagonal,120° diagonal,52° diagonal,46° diagonal,45° diagonal
Tracking,Inside-out with LiDAR 6DoF,Inside-out 6DoF,Inside-out 6DoF,Inside-out 6DoF,3DoF,6DoF with host device
Hand Tracking,Advanced,Hand tracking,Hand tracking,Hand tracking,Limited,Via host device
Eye Tracking,4 dedicated cameras,None,High precision eye tracking,Basic eye tracking,None,None
Processor,Apple M2 + R1,Snapdragon XR2 Gen 2,Requires PC,Holographic Processing Unit,None (display only),Requires PC or smartphone
Weight,650g,515g,665g,566g,72g,130g
Battery Life,2-2.5 hours,2-3 hours,N/A (tethered),2-3 hours,Depends on host device,Depends on host device
Price (USD),"$3,499",$499,"$5,990","$3,500",$359,"$1,499"
Primary,MR computing,Consumer,Professional,Enterprise AR,Personal viewing AR,Enterprise AR
Use Case,VR/MR,VR/MR,VR/XR,,,
